Ticker,Name,Asset Class,Weight (%),Price,Shares,Market Value,Notional Value,Sector,SEDOL,ISIN,Exchange,Country,Currency,Market Currency,FX Rate,query_list
MSFT,MICROSOFT CORP,Equity,8.85,60.47,"1,440,467.00","87,105,039.49","87,105,039.49",Information Technology,"2,588,173.00",US5949181045,NASDAQ,United States,USD,USD,1,GOOG/NASDAQ_MSFT
AAPL,APPLE INC,Equity,8.84,111.06,"783,984.00","87,069,263.04","87,069,263.04",Information Technology,"2,046,251.00",US0378331005,NASDAQ,United States,USD,USD,1,GOOG/NASDAQ_AAPL
AMZN,AMAZON COM INC,Equity,6.45,787.75,"80,654.00","63,535,188.50","63,535,188.50",Consumer Discretionary,"2,000,019.00",US0231351067,NASDAQ,United States,USD,USD,1,GOOG/NASDAQ_AMZN
FB,FACEBOOK CLASS A INC,Equity,6.01,124.22,"476,145.00","59,146,731.90","59,146,731.90",Information Technology,B7TL820,US30303M1027,NASDAQ,United States,USD,USD,1,GOOG/NASDAQ_FB
GOOGL,ALPHABET INC CLASS A,Equity,4.32,811.98,"52,363.00","42,517,708.74","42,517,708.74",Information Technology,BYVY8G0,US02079K3059,NASDAQ,United States,USD,USD,1,GOOG/NASDAQ_GOOGL
GOOG,ALPHABET INC CLASS C,Equity,4.21,790.51,"52,480.00","41,485,964.80","41,485,964.80",Information Technology,BYY88Y7,US02079K1079,NASDAQ,United States,USD,USD,1,GOOG/NASDAQ_GOOG
INTC,INTEL CORPORATION CORP,Equity,3.42,34.74,"969,740.00","33,688,767.60","33,688,767.60",Information Technology,"2,463,247.00",US4581401001,NASDAQ,United States,USD,USD,1,GOOG/NASDAQ_INTC
V,VISA INC CLASS A,Equity,3.25,82.88,"386,674.00","32,047,541.12","32,047,541.12",Information Technology,B2PZN04,US92826C8394,NYSE,United States,USD,USD,1,GOOG/NYSE_V
CSCO,CISCO SYSTEMS INC,Equity,3.25,31,"1,030,970.00","31,960,070.00","31,960,070.00",Information Technology,"2,198,163.00",US17275R1023,NASDAQ,United States,USD,USD,1,GOOG/NASDAQ_CSCO
IBM,INTERNATIONAL BUSINESS MACHINES CO,Equity,2.81,155.17,"178,293.00","27,665,724.81","27,665,724.81",Information Technology,"2,005,973.00",US4592001014,NYSE,United States,USD,USD,1,GOOG/NYSE_IBM
ORCL,ORACLE CORP,Equity,2.45,39.13,"616,900.00","24,139,297.00","24,139,297.00",Information Technology,"2,661,568.00",US68389X1054,NYSE,United States,USD,USD,1,GOOG/NYSE_ORCL
MA,MASTERCARD INC CLASS A,Equity,2.11,105.7,"196,561.00","20,776,497.70","20,776,497.70",Information Technology,B121557,US57636Q1040,NYSE,United States,USD,USD,1,GOOG/NYSE_MA
QCOM,QUALCOMM INC,Equity,2.09,68.27,"302,067.00","20,622,114.09","20,622,114.09",Information Technology,"2,714,923.00",US7475251036,NASDAQ,United States,USD,USD,1,GOOG/NASDAQ_QCOM
PCLN,PRICELINE GROUP INC/THE,Equity,1.63,"1,578.13","10,176.00","16,059,050.88","16,059,050.88",Consumer Discretionary,"2,779,063.00",US7415034039,NASDAQ,United States,USD,USD,1,GOOG/NASDAQ_PCLN
ACN,ACCENTURE PLC,Equity,1.55,119.81,"127,610.00","15,288,954.10","15,288,954.10",Information Technology,B4BNMY3,IE00B4BNMY34,NYSE,United States,USD,USD,1,GOOG/NYSE_ACN
TXN,TEXAS INSTRUMENTS INCORPORATED,Equity,1.46,69.83,"205,641.00","14,359,911.03","14,359,911.03",Information Technology,"2,885,409.00",US8825081040,NASDAQ,United States,USD,USD,1,GOOG/NASDAQ_TXN
AVGO,BROADCOM LTD,Equity,1.46,177,"81,075.00","14,350,275.00","14,350,275.00",Information Technology,BD9WQP4,SG9999014823,NASDAQ,United States,USD,USD,1,GOOG/NASDAQ_AVGO
ADBE,ADOBE SYSTEM INC,Equity,1.12,108.39,"102,143.00","11,071,279.77","11,071,279.77",Information Technology,"2,008,154.00",US00724F1012,NASDAQ,United States,USD,USD,1,GOOG/NASDAQ_ADBE
NFLX,NETFLIX INC,Equity,1.11,124.34,"87,884.00","10,927,496.56","10,927,496.56",Consumer Discretionary,"2,857,817.00",US64110L1061,NASDAQ,United States,USD,USD,1,GOOG/NASDAQ_NFLX
CRM,SALESFORCE.COM INC,Equity,1.03,76.55,"131,992.00","10,103,987.60","10,103,987.60",Information Technology,"2,310,525.00",US79466L3024,NYSE,United States,USD,USD,1,GOOG/NYSE_CRM
PYPL,PAYPAL HOLDINGS INC,Equity,0.97,41.58,"230,087.00","9,567,017.46","9,567,017.46",Information Technology,BYW36M8,US70450Y1038,NASDAQ,United States,USD,USD,1,GOOG/NASDAQ_PYPL
ADP,AUTOMATIC DATA PROCESSING INC,Equity,0.87,91.15,"93,513.00","8,523,709.95","8,523,709.95",Information Technology,"2,065,308.00",US0530151036,NASDAQ,United States,USD,USD,1,GOOG/NASDAQ_ADP
HPE,HEWLETT PACKARD ENTERPRISE,Equity,0.8,23.24,"340,640.00","7,916,473.60","7,916,473.60",Information Technology,BYVYWS0,US42824C1099,NYSE,United States,USD,USD,1,GOOG/NYSE_HPE
NVDA,NVIDIA CORP,Equity,0.79,71.16,"109,672.00","7,804,259.52","7,804,259.52",Information Technology,"2,379,504.00",US67066G1040,NASDAQ,United States,USD,USD,1,GOOG/NASDAQ_NVDA
YHOO,YAHOO! INC,Equity,0.75,41.16,"179,502.00","7,388,302.32","7,388,302.32",Information Technology,"2,986,539.00",US9843321061,NASDAQ,United States,USD,USD,1,GOOG/NASDAQ_YHOO
CTSH,COGNIZANT TECHNOLOGY SOLUTIONS COR,Equity,0.69,54.89,"124,435.00","6,830,237.15","6,830,237.15",Information Technology,"2,257,019.00",US1924461023,NASDAQ,United States,USD,USD,1,GOOG/NASDAQ_CTSH
AMAT,APPLIED MATERIAL INC,Equity,0.66,29.51,"221,623.00","6,540,094.73","6,540,094.73",Information Technology,"2,046,552.00",US0382221051,NASDAQ,United States,USD,USD,1,GOOG/NASDAQ_AMAT
EBAY,EBAY INC,Equity,0.61,28.03,"215,317.00","6,035,335.51","6,035,335.51",Information Technology,"2,293,819.00",US2786421030,NASDAQ,United States,USD,USD,1,GOOG/NASDAQ_EBAY
ATVI,ACTIVISION BLIZZARD INC,Equity,0.58,41.01,"139,842.00","5,734,920.42","5,734,920.42",Information Technology,"2,575,818.00",US00507V1098,NASDAQ,United States,USD,USD,1,GOOG/NASDAQ_ATVI
INTU,INTUIT INC,Equity,0.55,108.35,"50,263.00","5,445,996.05","5,445,996.05",Information Technology,"2,459,020.00",US4612021034,NASDAQ,United States,USD,USD,1,GOOG/NASDAQ_INTU
HPQ,HP INC,Equity,0.54,15.28,"350,425.00","5,354,494.00","5,354,494.00",Information Technology,BYX4D52,US40434L1052,NYSE,United States,USD,USD,1,GOOG/NYSE_HPQ
FIS,FIDELITY NATIONAL INFORMATION SERV,Equity,0.52,76.6,"67,206.00","5,147,979.60","5,147,979.60",Information Technology,"2,769,796.00",US31620M1062,NYSE,United States,USD,USD,1,GOOG/NYSE_FIS
EA,ELECTRONIC ARTS INC,Equity,0.51,81.49,"61,693.00","5,027,362.57","5,027,362.57",Information Technology,"2,310,194.00",US2855121099,NASDAQ,United States,USD,USD,1,GOOG/NASDAQ_EA
TEL,TE CONNECTIVITY LTD,Equity,0.48,65.35,"72,948.00","4,767,151.80","4,767,151.80",Information Technology,B62B7C3,CH0102993182,NYSE,United States,USD,USD,1,GOOG/NYSE_TEL
LNKD,LINKEDIN CORP CLASS A,Equity,0.47,191.32,"24,443.00","4,676,434.76","4,676,434.76",Information Technology,B3ZVCQ8,US53578A1088,NYSE,United States,USD,USD,1,GOOG/NYSE_LNKD
GLW,CORNING INC,Equity,0.46,23.16,"195,184.00","4,520,461.44","4,520,461.44",Information Technology,"2,224,701.00",US2193501051,NYSE,United States,USD,USD,1,GOOG/NYSE_GLW
FISV,FISERV INC,Equity,0.46,100.17,"45,105.00","4,518,167.85","4,518,167.85",Information Technology,"2,342,034.00",US3377381088,NASDAQ,United States,USD,USD,1,GOOG/NASDAQ_FISV
APH,AMPHENOL CORP CLASS A,Equity,0.43,66.81,"63,293.00","4,228,605.33","4,228,605.33",Information Technology,"2,145,084.00",US0320951017,NYSE,United States,USD,USD,1,GOOG/NYSE_APH
ADI,ANALOG DEVICES INC,Equity,0.41,64.85,"62,956.00","4,082,696.60","4,082,696.60",Information Technology,"2,032,067.00",US0326541051,NASDAQ,United States,USD,USD,1,GOOG/NASDAQ_ADI
MU,MICRON TECHNOLOGY INC,Equity,0.38,17.41,"212,847.00","3,705,666.27","3,705,666.27",Information Technology,"2,588,184.00",US5951121038,NASDAQ,United States,USD,USD,1,GOOG/NASDAQ_MU
FLT,FLEETCOR TECHNOLOGIES INC,Equity,0.37,148.79,"24,754.00","3,683,147.66","3,683,147.66",Information Technology,B4R28B3,US3390411052,NYSE,United States,USD,USD,1,GOOG/NYSE_FLT
PAYX,PAYCHEX INC,Equity,0.36,54.19,"65,878.00","3,569,928.82","3,569,928.82",Information Technology,"2,674,458.00",US7043261079,NASDAQ,United States,USD,USD,1,GOOG/NASDAQ_PAYX
WDC,WESTERN DIGITAL CORP,Equity,0.34,57.26,"58,371.00","3,342,323.46","3,342,323.46",Information Technology,"2,954,699.00",US9581021055,NASDAQ,United States,USD,USD,1,GOOG/NASDAQ_WDC
LRCX,LAM RESEARCH CORP,Equity,0.33,99.12,"32,806.00","3,251,730.72","3,251,730.72",Information Technology,"2,502,247.00",US5128071082,NASDAQ,United States,USD,USD,1,GOOG/NASDAQ_LRCX
EXPE,EXPEDIA INC,Equity,0.32,127.01,"24,739.00","3,142,100.39","3,142,100.39",Consumer Discretionary,B748CK2,US30212P3038,NASDAQ,United States,USD,USD,1,GOOG/NASDAQ_EXPE
SYMC,SYMANTEC CORP,Equity,0.32,24.71,"126,442.00","3,124,381.82","3,124,381.82",Information Technology,"2,861,078.00",US8715031089,NASDAQ,United States,USD,USD,1,GOOG/NASDAQ_SYMC
SWKS,SKYWORKS SOLUTIONS INC,Equity,0.3,77.33,"38,373.00","2,967,384.09","2,967,384.09",Information Technology,"2,961,053.00",US83088M1027,NASDAQ,United States,USD,USD,1,GOOG/NASDAQ_SWKS
LLTC,LINEAR TECHNOLOGY CORP,Equity,0.3,59.85,"49,182.00","2,943,542.70","2,943,542.70",Information Technology,"2,516,839.00",US5356781063,NASDAQ,United States,USD,USD,1,GOOG/NASDAQ_LLTC
ADSK,AUTODESK INC,Equity,0.3,72.69,"40,039.00","2,910,434.91","2,910,434.91",Information Technology,"2,065,159.00",US0527691069,NASDAQ,United States,USD,USD,1,GOOG/NASDAQ_ADSK
NOW,SERVICENOW INC,Equity,0.29,85.5,"33,773.00","2,887,591.50","2,887,591.50",Information Technology,B80NXX8,US81762P1021,NYSE,United States,USD,USD,1,GOOG/NYSE_NOW
RHT,RED HAT INC,Equity,0.29,76.67,"37,169.00","2,849,747.23","2,849,747.23",Information Technology,"2,447,218.00",US7565771026,NYSE,United States,USD,USD,1,GOOG/NYSE_RHT
MCHP,MICROCHIP TECHNOLOGY INC,Equity,0.29,63.96,"44,202.00","2,827,159.92","2,827,159.92",Information Technology,"2,592,174.00",US5950171042,NASDAQ,United States,USD,USD,1,GOOG/NASDAQ_MCHP
PANW,PALO ALTO NETWORKS INC.,Equity,0.29,152.93,"18,378.00","2,810,547.54","2,810,547.54",Information Technology,B87ZMX0,US6974351057,NYSE,United States,USD,USD,1,GOOG/NYSE_PANW
CTXS,CITRIX SYSTEMS INC,Equity,0.28,85.24,"31,898.00","2,718,985.52","2,718,985.52",Information Technology,"2,182,553.00",US1773761002,NASDAQ,United States,USD,USD,1,GOOG/NASDAQ_CTXS
MSI,MOTOROLA SOLUTIONS INC,Equity,0.27,78.56,"34,248.00","2,690,522.88","2,690,522.88",Information Technology,B5BKPQ4,US6200763075,NYSE,United States,USD,USD,1,GOOG/NYSE_MSI
XLNX,XILINX INC,Equity,0.27,51.7,"51,983.00","2,687,521.10","2,687,521.10",Information Technology,"2,985,677.00",US9839191015,NASDAQ,United States,USD,USD,1,GOOG/NASDAQ_XLNX
HRS,HARRIS CORP,Equity,0.25,97.46,"25,420.00","2,477,433.20","2,477,433.20",Information Technology,"2,412,001.00",US4138751056,NYSE,United States,USD,USD,1,GOOG/NYSE_HRS
ADS,ALLIANCE DATA SYSTEMS CORP,Equity,0.25,201.55,"11,977.00","2,413,964.35","2,413,964.35",Information Technology,"2,762,030.00",US0185811082,NYSE,United States,USD,USD,1,GOOG/NYSE_ADS
KLAC,KLA TENCOR CORP,Equity,0.24,75.53,"31,930.00","2,411,672.90","2,411,672.90",Information Technology,"2,480,138.00",US4824801009,NASDAQ,United States,USD,USD,1,GOOG/NASDAQ_KLAC
AKAM,AKAMAI TECHNOLOGIES INC,Equity,0.24,66.37,"35,752.00","2,372,860.24","2,372,860.24",Information Technology,"2,507,457.00",US00971T1016,NASDAQ,United States,USD,USD,1,GOOG/NASDAQ_AKAM
MXIM,MAXIM INTEGRATED PRODUCTS INC,Equity,0.23,39.7,"58,242.00","2,312,207.40","2,312,207.40",Information Technology,"2,573,760.00",US57772K1016,NASDAQ,United States,USD,USD,1,GOOG/NASDAQ_MXIM
GPN,GLOBAL PAYMENTS INC.,Equity,0.23,72.63,"31,552.00","2,291,621.76","2,291,621.76",Information Technology,"2,712,013.00",US37940X1028,NYSE,United States,USD,USD,1,GOOG/NYSE_GPN
DVMT,DELL TECHNOLOGIES CLASS V INC,Equity,0.23,49.68,"45,605.00","2,265,656.40","2,265,656.40",Information Technology,BDB2RN7,US24703L1035,NYSE,United States,USD,USD,1,GOOG/NYSE_DVMT
TWTR,TWITTER INC,Equity,0.23,18.38,"121,687.00","2,236,607.06","2,236,607.06",Information Technology,BFLR866,US90184L1026,NYSE,United States,USD,USD,1,GOOG/NYSE_TWTR
STX,SEAGATE TECHNOLOGY PLC,Equity,0.21,34.49,"61,145.00","2,108,891.05","2,108,891.05",Information Technology,B58JVZ5,IE00B58JVZ52,NASDAQ,United States,USD,USD,1,GOOG/NASDAQ_STX
WDAY,WORKDAY INC CLASS A,Equity,0.21,85.7,"24,344.00","2,086,280.80","2,086,280.80",Information Technology,B8K6ZD1,US98138H1014,NYSE,United States,USD,USD,1,GOOG/NYSE_WDAY
WU,WESTERN UNION,Equity,0.21,20.42,"99,808.00","2,038,079.36","2,038,079.36",Information Technology,B1F76F9,US9598021098,NYSE,United States,USD,USD,1,GOOG/NYSE_WU
CA,CA INC,Equity,0.21,31.56,"64,246.00","2,027,603.76","2,027,603.76",Information Technology,"2,214,832.00",US12673P1057,NASDAQ,United States,USD,USD,1,GOOG/NASDAQ_CA
JNPR,JUNIPER NETWORKS INC,Equity,0.2,25.49,"78,744.00","2,007,184.56","2,007,184.56",Information Technology,"2,431,846.00",US48203R1041,NYSE,United States,USD,USD,1,GOOG/NYSE_JNPR
VNTV,VANTIV INC CLASS A,Equity,0.19,58.67,"32,026.00","1,878,965.42","1,878,965.42",Information Technology,B6X55Y2,US92210H1059,NYSE,United States,USD,USD,1,GOOG/NYSE_VNTV
FFIV,F5 NETWORKS INC,Equity,0.19,137.77,"13,550.00","1,866,783.50","1,866,783.50",Information Technology,"2,427,599.00",US3156161024,NASDAQ,United States,USD,USD,1,GOOG/NASDAQ_FFIV
NTAP,NETAPP INC,Equity,0.19,32.49,"57,049.00","1,853,522.01","1,853,522.01",Information Technology,"2,630,643.00",US64110D1046,NASDAQ,United States,USD,USD,1,GOOG/NASDAQ_NTAP
SNPS,SYNOPSYS INC,Equity,0.19,59.22,"31,098.00","1,841,623.56","1,841,623.56",Information Technology,"2,867,719.00",US8716071076,NASDAQ,United States,USD,USD,1,GOOG/NASDAQ_SNPS
CDK,CDK GLOBAL INC,Equity,0.18,56.73,"30,735.00","1,743,596.55","1,743,596.55",Information Technology,BQXTWQ5,US12508E1010,NASDAQ,United States,USD,USD,1,GOOG/NASDAQ_CDK
TSS,TOTAL SYSTEM SERVICES INC,Equity,0.17,49.68,"33,864.00","1,682,363.52","1,682,363.52",Information Technology,"2,897,697.00",US8919061098,NYSE,United States,USD,USD,1,GOOG/NYSE_TSS
CSC,COMPUTER SCIENCES CORP,Equity,0.17,57.66,"28,728.00","1,656,456.48","1,656,456.48",Information Technology,"2,215,200.00",US2053631048,NYSE,United States,USD,USD,1,GOOG/NYSE_CSC
IT,GARTNER INC.,Equity,0.17,97.82,"16,904.00","1,653,549.28","1,653,549.28",Information Technology,"2,372,763.00",US3666511072,NYSE,United States,USD,USD,1,GOOG/NYSE_IT
SPLK,SPLUNK INC,Equity,0.16,59.78,"27,154.00","1,623,266.12","1,623,266.12",Information Technology,B424494,US8486371045,NASDAQ,United States,USD,USD,1,GOOG/NASDAQ_SPLK
XRX,XEROX CORP,Equity,0.16,9.28,"174,428.00","1,618,691.84","1,618,691.84",Information Technology,"2,985,202.00",US9841211033,NYSE,United States,USD,USD,1,GOOG/NYSE_XRX
BR,BROADRIDGE FINANCIAL SOLUTIONS INC,Equity,0.16,65.68,"24,215.00","1,590,441.20","1,590,441.20",Information Technology,B1VP7R6,US11133T1034,NYSE,United States,USD,USD,1,GOOG/NYSE_BR
OTEX,OPEN TEXT CORP,Equity,0.16,62.88,"24,847.00","1,562,379.36","1,562,379.36",Information Technology,"2,655,657.00",CA6837151068,NASDAQ,Canada,USD,USD,1,GOOG/NASDAQ_OTEX
ANSS,ANSYS INC,Equity,0.16,86.94,"17,851.00","1,551,965.94","1,551,965.94",Information Technology,"2,045,623.00",US03662Q1058,NASDAQ,United States,USD,USD,1,GOOG/NASDAQ_ANSS
VRSN,VERISIGN INC,Equity,0.16,81.48,"19,013.00","1,549,179.24","1,549,179.24",Information Technology,"2,142,922.00",US92343E1029,NASDAQ,United States,USD,USD,1,GOOG/NASDAQ_VRSN
CDNS,CADENCE DESIGN SYSTEMS INC,Equity,0.15,25.46,"59,839.00","1,523,500.94","1,523,500.94",Information Technology,"2,302,232.00",US1273871087,NASDAQ,United States,USD,USD,1,GOOG/NASDAQ_CDNS
CDW,CDW CORP,Equity,0.15,44.57,"33,373.00","1,487,434.61","1,487,434.61",Information Technology,BBM5MD6,US12514G1085,NASDAQ,United States,USD,USD,1,GOOG/NASDAQ_CDW
TRIP,TRIPADVISOR INC,Equity,0.15,63.1,"23,413.00","1,477,360.30","1,477,360.30",Consumer Discretionary,B6ZC3N6,US8969452015,NASDAQ,United States,USD,USD,1,GOOG/NASDAQ_TRIP
TRMB,TRIMBLE INC,Equity,0.14,26.66,"50,990.00","1,359,393.40","1,359,393.40",Information Technology,"2,903,958.00",US8962391004,NASDAQ,United States,USD,USD,1,GOOG/NASDAQ_TRMB
JKHY,JACK HENRY & ASSOCIATES INC.,Equity,0.14,83.87,"16,167.00","1,355,926.29","1,355,926.29",Information Technology,"2,469,193.00",US4262811015,NASDAQ,United States,USD,USD,1,GOOG/NASDAQ_JKHY
QRVO,QORVO INC,Equity,0.14,50.96,"26,124.00","1,331,279.04","1,331,279.04",Information Technology,BR9YYP4,US74736K1016,NASDAQ,United States,USD,USD,1,GOOG/NASDAQ_QRVO
LDOS,LEIDOS HOLDINGS INC,Equity,0.13,43.51,"29,122.00","1,267,098.22","1,267,098.22",Information Technology,BDV82B8,US5253271028,NYSE,United States,USD,USD,1,GOOG/NYSE_LDOS
VMW,VMWARE INC CLASS A,Equity,0.13,77.46,"16,295.00","1,262,210.70","1,262,210.70",Information Technology,B23SN61,US9285634021,NYSE,United States,USD,USD,1,GOOG/NYSE_VMW
CSGP,COSTAR GROUP INC.,Equity,0.12,184.25,"6,672.00","1,229,316.00","1,229,316.00",Information Technology,"2,262,864.00",US22160N1090,NASDAQ,United States,USD,USD,1,GOOG/NASDAQ_CSGP
ULTI,ULTIMATE SOFTWARE GROUP INC.,Equity,0.12,207.14,"5,923.00","1,226,890.22","1,226,890.22",Information Technology,"2,249,964.00",US90385D1072,NASDAQ,United States,USD,USD,1,GOOG/NASDAQ_ULTI
IM,INGRAM MICRO INC. SHS -A-,Equity,0.12,38.47,"30,692.00","1,180,721.24","1,180,721.24",Information Technology,"2,489,094.00",US4571531049,NYSE,United States,USD,USD,1,GOOG/NYSE_IM
COMM,COMMSCOPE HOLDING INC,Equity,0.12,33.88,"34,706.00","1,175,839.28","1,175,839.28",Information Technology,BFRBX34,US20337X1090,NASDAQ,United States,USD,USD,1,GOOG/NASDAQ_COMM
KEYS,KEYSIGHT TECHNOLOGIES INC,Equity,0.12,33.21,"34,949.00","1,160,656.29","1,160,656.29",Information Technology,BQZJ0Q9,US49338L1035,NYSE,United States,USD,USD,1,GOOG/NYSE_KEYS
MRVL,MARVELL TECHNOLOGY GROUP LTD,Equity,0.12,12.7,"91,070.00","1,156,589.00","1,156,589.00",Information Technology,"2,594,653.00",BMG5876H1051,NASDAQ,United States,USD,USD,1,GOOG/NASDAQ_MRVL
ARW,ARROW ELECTRONICS INC,Equity,0.12,60.99,"18,784.00","1,145,636.16","1,145,636.16",Information Technology,"2,051,404.00",US0427351004,NYSE,United States,USD,USD,1,GOOG/NYSE_ARW
AVT,AVNET INC,Equity,0.11,42.54,"26,065.00","1,108,805.10","1,108,805.10",Information Technology,"2,066,505.00",US0538071038,NYSE,United States,USD,USD,1,GOOG/NYSE_AVT
PTC,PTC INC,Equity,0.11,46.68,"23,540.00","1,098,847.20","1,098,847.20",Information Technology,B95N910,US69370C1009,NASDAQ,United States,USD,USD,1,GOOG/NASDAQ_PTC
MSCC,MICROSEMI CORP.,Equity,0.11,46.72,"23,258.00","1,086,613.76","1,086,613.76",Information Technology,"2,588,140.00",US5951371005,NASDAQ,United States,USD,USD,1,GOOG/NASDAQ_MSCC
SSNC,SS&C TECHNOLOGIES HOLDINGS INC.,Equity,0.11,31.64,"34,049.00","1,077,310.36","1,077,310.36",Information Technology,B58YSC6,US78467J1007,NASDAQ,United States,USD,USD,1,GOOG/NASDAQ_SSNC
ARRS,ARRIS INTERNATIONAL PLC,Equity,0.11,27.01,"38,969.00","1,052,552.69","1,052,552.69",Information Technology,BZ04Y37,GB00BZ04Y379,NASDAQ,United States,USD,USD,1,GOOG/NASDAQ_ARRS
AMD,ADVANCED MICRO DEVICES INC,Equity,0.11,7,"149,948.00","1,049,636.00","1,049,636.00",Information Technology,"2,007,849.00",US0079031078,NASDAQ,United States,USD,USD,1,GOOG/NASDAQ_AMD
TYL,TYLER TECHNOLOGIES INC.,Equity,0.11,154.35,"6,764.00","1,044,023.40","1,044,023.40",Information Technology,"2,909,644.00",US9022521051,NYSE,United States,USD,USD,1,GOOG/NYSE_TYL
SABR,SABRE CORP,Equity,0.11,24.62,"42,041.00","1,035,049.42","1,035,049.42",Information Technology,BLLHH27,US78573M1045,NASDAQ,United States,USD,USD,1,GOOG/NASDAQ_SABR
BRCD,BROCADE COMMUNICATIONS SYSTEMS INC,Equity,0.1,12.32,"82,205.00","1,012,765.60","1,012,765.60",Information Technology,"2,422,174.00",US1116213067,NASDAQ,United States,USD,USD,1,GOOG/NASDAQ_BRCD
IAC,IAC INTERACTIVE,Equity,0.1,65.64,"15,106.00","991,557.84","991,557.84",Information Technology,B0F0F09,US44919P5089,NASDAQ,United States,USD,USD,1,GOOG/NASDAQ_IAC
TER,TERADYNE INC.,Equity,0.1,23.44,"41,766.00","978,995.04","978,995.04",Information Technology,"2,884,183.00",US8807701029,NYSE,United States,USD,USD,1,GOOG/NYSE_TER
CGNX,COGNEX CORP.,Equity,0.1,54.89,"17,427.00","956,568.03","956,568.03",Information Technology,"2,208,288.00",US1924221039,NASDAQ,United States,USD,USD,1,GOOG/NASDAQ_CGNX
ON,ON SEMICONDUCTOR CORP,Equity,0.1,11.18,"85,311.00","953,776.98","953,776.98",Information Technology,"2,583,576.00",US6821891057,NASDAQ,United States,USD,USD,1,GOOG/NASDAQ_ON
FTNT,FORTINET INC.,Equity,0.1,31.33,"29,955.00","938,490.15","938,490.15",Information Technology,B5B2106,US34959E1091,NASDAQ,United States,USD,USD,1,GOOG/NASDAQ_FTNT
FLIR,FLIR SYSTEMS INC,Equity,0.09,32.33,"28,319.00","915,553.27","915,553.27",Information Technology,"2,344,717.00",US3024451011,NASDAQ,United States,USD,USD,1,GOOG/NASDAQ_FLIR
NCR,NCR CORP,Equity,0.09,35.57,"25,503.00","907,141.71","907,141.71",Information Technology,"2,632,650.00",US62886E1082,NYSE,United States,USD,USD,1,GOOG/NYSE_NCR
GWRE,GUIDEWIRE SOFTWARE INC,Equity,0.09,58.66,"14,976.00","878,492.16","878,492.16",Information Technology,B7JYSG3,US40171V1008,NYSE,United States,USD,USD,1,GOOG/NYSE_GWRE
TTWO,TAKE-TWO INTERACTIVE SOFTWARE INC.,Equity,0.09,49.22,"17,743.00","873,310.46","873,310.46",Information Technology,"2,122,117.00",US8740541094,NASDAQ,United States,USD,USD,1,GOOG/NASDAQ_TTWO
BAH,BOOZ ALLEN HAMILTON HOLDING CORP C,Equity,0.09,32.11,"26,352.00","846,162.72","846,162.72",Information Technology,B5367T7,US0995021062,NYSE,United States,USD,USD,1,GOOG/NYSE_BAH
EEFT,EURONET WORLDWIDE INC.,Equity,0.09,78.76,"10,654.00","839,109.04","839,109.04",Information Technology,"2,320,148.00",US2987361092,NASDAQ,United States,USD,USD,1,GOOG/NASDAQ_EEFT
JBL,JABIL CIRCUIT INC,Equity,0.09,21.31,"39,287.00","837,205.97","837,205.97",Information Technology,"2,471,789.00",US4663131039,NYSE,United States,USD,USD,1,GOOG/NYSE_JBL
AZPN,ASPEN TECHNOLOGY INC.,Equity,0.08,48.82,"16,876.00","823,886.32","823,886.32",Information Technology,"2,051,868.00",US0453271035,NASDAQ,United States,USD,USD,1,GOOG/NASDAQ_AZPN
WEX,WEX INC.,Equity,0.08,104.51,"7,850.00","820,403.50","820,403.50",Information Technology,B8383P2,US96208T1043,NYSE,United States,USD,USD,1,GOOG/NYSE_WEX
CSRA,CSRA INC,Equity,0.08,26.45,"29,767.00","787,337.15","787,337.15",Information Technology,BYQKXC4,US12650T1043,NYSE,United States,USD,USD,1,GOOG/NYSE_CSRA
CLGX,CORELOGIC INC.,Equity,0.08,42.32,"18,240.00","771,916.80","771,916.80",Information Technology,B5541Y2,US21871D1037,NYSE,United States,USD,USD,1,GOOG/NYSE_CLGX
Z,ZILLOW GROUP INC CLASS C,Equity,0.08,35.48,"21,608.00","766,651.84","766,651.84",Information Technology,BYXJF62,US98954M2008,NASDAQ,United States,USD,USD,1,GOOG/NASDAQ_Z
MANH,MANHATTAN ASSOCIATES INC.,Equity,0.08,51.46,"14,656.00","754,197.76","754,197.76",Information Technology,"2,239,471.00",US5627501092,NASDAQ,United States,USD,USD,1,GOOG/NASDAQ_MANH
TDC,TERADATA CORP,Equity,0.07,27.5,"26,778.00","736,395.00","736,395.00",Information Technology,B247H10,US88076W1036,NYSE,United States,USD,USD,1,GOOG/NYSE_TDC
ELLI,ELLIE MAE INC,Equity,0.07,106.68,"6,863.00","732,144.84","732,144.84",Information Technology,B532X75,US28849P1003,NYSE,United States,USD,USD,1,GOOG/NYSE_ELLI
MMS,MAXIMUS INC.,Equity,0.07,54.48,"13,382.00","729,051.36","729,051.36",Information Technology,"2,018,669.00",US5779331041,NYSE,United States,USD,USD,1,GOOG/NYSE_MMS
IPGP,IPG PHOTONICS CORP.,Equity,0.07,94.76,"7,680.00","727,756.80","727,756.80",Information Technology,"2,698,782.00",US44980X1090,NASDAQ,United States,USD,USD,1,GOOG/NASDAQ_IPGP
FICO,FAIR ISAAC CORP.,Equity,0.07,114.82,"6,313.00","724,858.66","724,858.66",Information Technology,"2,330,299.00",US3032501047,NYSE,United States,USD,USD,1,GOOG/NYSE_FICO
CRUS,CIRRUS LOGIC INC.,Equity,0.07,56.12,"12,868.00","722,152.16","722,152.16",Information Technology,"2,197,308.00",US1727551004,NASDAQ,United States,USD,USD,1,GOOG/NASDAQ_CRUS
ANET,ARISTA NETWORKS INC,Equity,0.07,86.07,"8,344.00","718,168.08","718,168.08",Information Technology,BN33VM5,US0404131064,NYSE,United States,USD,USD,1,GOOG/NYSE_ANET
CAVM,CAVIUM INC,Equity,0.07,53.17,"13,451.00","715,189.67","715,189.67",Information Technology,B3TWGL0,US14964U1088,NASDAQ,United States,USD,USD,1,GOOG/NASDAQ_CAVM
NUAN,NUANCE COMMUNICATIONS INC,Equity,0.07,14.03,"50,860.00","713,565.80","713,565.80",Information Technology,"2,402,121.00",US67020Y1001,NASDAQ,United States,USD,USD,1,GOOG/NASDAQ_NUAN
ZBRA,ZEBRA TECHNOLOGIES CORP. CL A,Equity,0.07,64.81,"10,747.00","696,513.07","696,513.07",Information Technology,"2,989,356.00",US9892071054,NASDAQ,United States,USD,USD,1,GOOG/NASDAQ_ZBRA
BBRY,BLACKBERRY LTD,Equity,0.07,7.11,"97,281.00","691,667.91","691,667.91",Information Technology,BCBHZ42,CA09228F1036,NASDAQ,Canada,USD,USD,1,GOOG/NASDAQ_BBRY
JCOM,J2 GLOBAL INC,Equity,0.07,69.29,"9,817.00","680,219.93","680,219.93",Information Technology,B75DGJ3,US48123V1026,NASDAQ,United States,USD,USD,1,GOOG/NASDAQ_JCOM
G,GENPACT LTD.,Equity,0.07,23.42,"28,877.00","676,299.34","676,299.34",Information Technology,B23DBK6,BMG3922B1072,NYSE,United States,USD,USD,1,GOOG/NYSE_G
GRUB,GRUBHUB INC,Equity,0.07,38.23,"17,413.00","665,698.99","665,698.99",Information Technology,BKY7XF2,US4001101025,NYSE,United States,USD,USD,1,GOOG/NYSE_GRUB
PFPT,PROOFPOINT INC,Equity,0.07,77.05,"8,639.00","665,634.95","665,634.95",Information Technology,B6VDQC3,US7434241037,NASDAQ,United States,USD,USD,1,GOOG/NASDAQ_PFPT
CY,CYPRESS SEMICONDUCTOR CORP.,Equity,0.07,10.13,"65,686.00","665,399.18","665,399.18",Information Technology,"2,244,549.00",US2328061096,NASDAQ,United States,USD,USD,1,GOOG/NASDAQ_CY
FNSR,FINISAR CORP.,Equity,0.07,29.23,"22,527.00","658,464.21","658,464.21",Information Technology,"2,517,832.00",US31787A5074,NASDAQ,United States,USD,USD,1,GOOG/NASDAQ_FNSR
VSAT,VIASAT INC.,Equity,0.07,70.49,"9,302.00","655,697.98","655,697.98",Information Technology,"2,946,243.00",US92552V1008,NASDAQ,United States,USD,USD,1,GOOG/NASDAQ_VSAT
DST,DST SYSTEMS INC,Equity,0.07,98.05,"6,671.00","654,091.55","654,091.55",Information Technology,"2,282,947.00",US2333261079,NYSE,United States,USD,USD,1,GOOG/NYSE_DST
SAIC,SCIENCE APPLICATIONS INTERNATIONAL,Equity,0.07,71.01,"9,159.00","650,380.59","650,380.59",Information Technology,BDTZZG7,US8086251076,NYSE,United States,USD,USD,1,GOOG/NYSE_SAIC
MENT,MENTOR GRAPHICS CORP,Equity,0.07,29.39,"22,103.00","649,607.17","649,607.17",Information Technology,"2,578,033.00",US5872001061,NASDAQ,United States,USD,USD,1,GOOG/NASDAQ_MENT
LFUS,LITTELFUSE INC.,Equity,0.07,141.54,"4,582.00","648,536.28","648,536.28",Information Technology,"2,531,832.00",US5370081045,NASDAQ,United States,USD,USD,1,GOOG/NASDAQ_LFUS
IDTI,INTEGRATED DEVICE TECHNOLOGY INC,Equity,0.06,22.76,"27,607.00","628,335.32","628,335.32",Information Technology,"2,462,437.00",US4581181066,NASDAQ,United States,USD,USD,1,GOOG/NASDAQ_IDTI
ISIL,INTERSIL CORP. CL A,Equity,0.06,22.1,"27,825.00","614,932.50","614,932.50",Information Technology,"2,551,959.00",US46069S1096,NASDAQ,United States,USD,USD,1,GOOG/NASDAQ_ISIL
NATI,NATIONAL INSTRUMENTS CORP.,Equity,0.06,28.5,"21,558.00","614,403.00","614,403.00",Information Technology,"2,645,078.00",US6365181022,NASDAQ,United States,USD,USD,1,GOOG/NASDAQ_NATI
SNX,SYNNEX CORP.,Equity,0.06,102.21,"5,975.00","610,704.75","610,704.75",Information Technology,"2,002,554.00",US87162W1009,NYSE,United States,USD,USD,1,GOOG/NYSE_SNX
BLKB,BLACKBAUD INC.,Equity,0.06,61.96,"9,734.00","603,118.64","603,118.64",Information Technology,"2,458,878.00",US09227Q1004,NASDAQ,United States,USD,USD,1,GOOG/NASDAQ_BLKB
MPWR,MONOLITHIC POWER SYSTEMS INC.,Equity,0.06,78.68,"7,658.00","602,531.44","602,531.44",Information Technology,B01Z7J1,US6098391054,NASDAQ,United States,USD,USD,1,GOOG/NASDAQ_MPWR
COHR,COHERENT INC.,Equity,0.06,116.57,"5,039.00","587,396.23","587,396.23",Information Technology,"2,208,374.00",US1924791031,NASDAQ,United States,USD,USD,1,GOOG/NASDAQ_COHR
CIEN,CIENA CORP,Equity,0.06,20.51,"28,228.00","578,956.28","578,956.28",Information Technology,B1FLZ21,US1717793095,NYSE,United States,USD,USD,1,GOOG/NYSE_CIEN
NTCT,NETSCOUT SYSTEMS INC.,Equity,0.06,29.75,"19,023.00","565,934.25","565,934.25",Information Technology,"2,447,285.00",US64115T1043,NASDAQ,United States,USD,USD,1,GOOG/NASDAQ_NTCT
CVG,CONVERGYS CORP.,Equity,0.06,28.38,"19,810.00","562,207.80","562,207.80",Information Technology,"2,284,761.00",US2124851062,NYSE,United States,USD,USD,1,GOOG/NYSE_CVG
EPAM,EPAM SYSTEMS INC,Equity,0.06,60.75,"9,156.00","556,227.00","556,227.00",Information Technology,B44Z3T8,US29414B1044,NYSE,United States,USD,USD,1,GOOG/NYSE_EPAM
MKSI,MKS INSTRUMENTS INC.,Equity,0.06,50.1,"11,051.00","553,655.10","553,655.10",Information Technology,"2,404,871.00",US55306N1046,NASDAQ,United States,USD,USD,1,GOOG/NASDAQ_MKSI
BDC,BELDEN INC,Equity,0.06,63.79,"8,669.00","552,995.51","552,995.51",Information Technology,B01WL78,US0774541066,NYSE,United States,USD,USD,1,GOOG/NYSE_BDC
TECD,TECH DATA CORP,Equity,0.06,75.76,"7,152.00","541,835.52","541,835.52",Information Technology,"2,879,532.00",US8782371061,NASDAQ,United States,USD,USD,1,GOOG/NASDAQ_TECD
DLB,DOLBY LABORATORIES INC. CL A,Equity,0.05,47.54,"11,296.00","537,011.84","537,011.84",Information Technology,B04NJM9,US25659T1079,NYSE,United States,USD,USD,1,GOOG/NYSE_DLB
FSLR,FIRST SOLAR INC,Equity,0.05,33.49,"15,832.00","530,213.68","530,213.68",Information Technology,B1HMF22,US3364331070,NASDAQ,United States,USD,USD,1,GOOG/NASDAQ_FSLR
CACI,CACI INTERNATIONAL INC. CL A,Equity,0.05,106.75,"4,943.00","527,665.25","527,665.25",Information Technology,"2,159,267.00",US1271903049,NYSE,United States,USD,USD,1,GOOG/NYSE_CACI
FDC,FIRST DATA CORP CLASS A,Equity,0.05,14.23,"36,999.00","526,495.77","526,495.77",Information Technology,BYX3ZN1,US32008D1063,NYSE,United States,USD,USD,1,GOOG/NYSE_FDC
DATA,TABLEAU SOFTWARE INC CLASS A,Equity,0.05,46.2,"11,182.00","516,608.40","516,608.40",Information Technology,B8DJFL5,US87336U1051,NYSE,United States,USD,USD,1,GOOG/NYSE_DATA
TIVO,TIVO CORP,Equity,0.05,20.7,"24,946.00","516,382.20","516,382.20",Information Technology,BD8FFY6,US88870P1066,NASDAQ,United States,USD,USD,1,GOOG/NASDAQ_TIVO
SLAB,SILICON LABORATORIES INC.,Equity,0.05,60.55,"8,501.00","514,735.55","514,735.55",Information Technology,"2,568,131.00",US8269191024,NASDAQ,United States,USD,USD,1,GOOG/NASDAQ_SLAB
LXK,LEXMARK INTERNATIONAL INC.,Equity,0.05,40.02,"12,859.00","514,617.18","514,617.18",Information Technology,"2,511,908.00",US5297711070,NYSE,United States,USD,USD,1,GOOG/NYSE_LXK
OLED,UNIVERSAL DISPLAY CORP,Equity,0.05,56.05,"9,119.00","511,119.95","511,119.95",Information Technology,"2,277,880.00",US91347P1057,NASDAQ,United States,USD,USD,1,GOOG/NASDAQ_OLED
LOGM,LOGMEIN INC,Equity,0.05,96.85,"5,188.00","502,457.80","502,457.80",Information Technology,B600J15,US54142L1098,NASDAQ,United States,USD,USD,1,GOOG/NASDAQ_LOGM
IDCC,INTERDIGITAL INC.,Equity,0.05,71.95,"6,974.00","501,779.30","501,779.30",Information Technology,"2,465,737.00",US45867G1013,NASDAQ,United States,USD,USD,1,GOOG/NASDAQ_IDCC
P,PANDORA MEDIA INC.,Equity,0.05,10.51,"46,760.00","491,447.60","491,447.60",Information Technology,B62N8L5,US6983541078,NYSE,United States,USD,USD,1,GOOG/NYSE_P
ENTG,ENTEGRIS INC.,Equity,0.05,16.3,"28,787.00","469,228.10","469,228.10",Information Technology,"2,599,700.00",US29362U1043,NASDAQ,United States,USD,USD,1,GOOG/NASDAQ_ENTG
YELP,YELP INC,Equity,0.05,37.99,"12,115.00","460,248.85","460,248.85",Information Technology,B7KCD72,US9858171054,NYSE,United States,USD,USD,1,GOOG/NYSE_YELP
VRNT,VERINT SYSTEMS INC.,Equity,0.05,35.95,"12,621.00","453,724.95","453,724.95",Information Technology,"2,849,193.00",US92343X1000,NASDAQ,United States,USD,USD,1,GOOG/NASDAQ_VRNT
CREE,CREE INC,Equity,0.05,21.82,"20,681.00","451,259.42","451,259.42",Information Technology,"2,232,351.00",US2254471012,NASDAQ,United States,USD,USD,1,GOOG/NASDAQ_CREE
ZNGA,ZYNGA INC,Equity,0.05,2.88,"156,347.00","450,279.36","450,279.36",Information Technology,B79PX49,US98986T1088,NASDAQ,United States,USD,USD,1,GOOG/NASDAQ_ZNGA
CVLT,COMMVAULT SYSTEMS INC.,Equity,0.05,52.3,"8,540.00","446,642.00","446,642.00",Information Technology,B142B38,US2041661024,NASDAQ,United States,USD,USD,1,GOOG/NASDAQ_CVLT
SANM,SANMINA CORP.,Equity,0.05,28.9,"15,359.00","443,875.10","443,875.10",Information Technology,B92RRW2,US8010561020,NASDAQ,United States,USD,USD,1,GOOG/NASDAQ_SANM
SATS,ECHOSTAR CORP.,Equity,0.04,46.83,"9,427.00","441,466.41","441,466.41",Information Technology,B2NC471,US2787681061,NASDAQ,United States,USD,USD,1,GOOG/NASDAQ_SATS
CATM,CARDTRONICS PLC CLASS A,Equity,0.04,48.01,"9,178.00","440,635.78","440,635.78",Information Technology,BYT1841,GB00BYT18414,NASDAQ,United States,USD,USD,1,GOOG/NASDAQ_CATM
ACIW,ACI WORLDWIDE INC.,Equity,0.04,17.22,"24,231.00","417,257.82","417,257.82",Information Technology,"2,889,155.00",US0044981019,NASDAQ,United States,USD,USD,1,GOOG/NASDAQ_ACIW
FEYE,FIREEYE INC,Equity,0.04,13.56,"30,616.00","415,152.96","415,152.96",Information Technology,BD4R405,US31816Q1013,NASDAQ,United States,USD,USD,1,GOOG/NASDAQ_FEYE
EFII,ELECTRONICS FOR IMAGING INC.,Equity,0.04,42.37,"9,670.00","409,717.90","409,717.90",Information Technology,"2,310,202.00",US2860821022,NASDAQ,United States,USD,USD,1,GOOG/NASDAQ_EFII
LITE,LUMENTUM HOLDINGS INC,Equity,0.04,36.5,"11,165.00","407,522.50","407,522.50",Information Technology,BYM9ZP2,US55024U1097,NASDAQ,United States,USD,USD,1,GOOG/NASDAQ_LITE
WBMD,WEBMD HEALTH CORP.,Equity,0.04,50.93,"7,976.00","406,217.68","406,217.68",Information Technology,B0LMJC9,US94770V1026,NASDAQ,United States,USD,USD,1,GOOG/NASDAQ_WBMD
ITRI,ITRON INC.,Equity,0.04,59.2,"6,822.00","403,862.40","403,862.40",Information Technology,"2,471,949.00",US4657411066,NASDAQ,United States,USD,USD,1,GOOG/NASDAQ_ITRI
ACXM,ACXIOM CORP.,Equity,0.04,25.7,"15,658.00","402,410.60","402,410.60",Information Technology,"2,159,773.00",US0051251090,NASDAQ,United States,USD,USD,1,GOOG/NASDAQ_ACXM
AEIS,ADVANCED ENERGY INDUSTRIES INC.,Equity,0.04,49.56,"8,031.00","398,016.36","398,016.36",Information Technology,"2,049,175.00",US0079731008,NASDAQ,United States,USD,USD,1,GOOG/NASDAQ_AEIS
VSH,VISHAY INTERTECHNOLOGY INC.,Equity,0.04,14.3,"27,350.00","391,105.00","391,105.00",Information Technology,"2,930,149.00",US9282981086,NYSE,United States,USD,USD,1,GOOG/NYSE_VSH
SNCR,SYNCHRONOSS TECHNOLOGIES INC.,Equity,0.04,45.06,"8,580.00","386,614.80","386,614.80",Information Technology,B17BCQ2,US87157B1035,NASDAQ,United States,USD,USD,1,GOOG/NASDAQ_SNCR
HAWK,BLACKHAWK NETWORK HOLDINGS INC,Equity,0.04,33.3,"11,504.00","383,083.20","383,083.20",Information Technology,B9GPVY2,US09238E1047,NASDAQ,United States,USD,USD,1,GOOG/NASDAQ_HAWK
AXE,ANIXTER INTERNATIONAL INC.,Equity,0.04,66.25,"5,766.00","381,997.50","381,997.50",Information Technology,"2,468,844.00",US0352901054,NYSE,United States,USD,USD,1,GOOG/NYSE_AXE
TSRA,TESSERA TECHNOLOGIES INC.,Equity,0.04,38.25,"9,925.00","379,631.25","379,631.25",Information Technology,"2,042,914.00",US88164L1008,NASDAQ,United States,USD,USD,1,GOOG/NASDAQ_TSRA
POWI,POWER INTEGRATIONS INC.,Equity,0.04,64.35,"5,873.00","377,927.55","377,927.55",Information Technology,"2,133,045.00",US7392761034,NASDAQ,United States,USD,USD,1,GOOG/NASDAQ_POWI
PAYC,PAYCOM SOFTWARE INC,Equity,0.04,45.68,"8,191.00","374,164.88","374,164.88",Information Technology,BL95MY0,US70432V1026,NYSE,United States,USD,USD,1,GOOG/NYSE_PAYC
SYNA,SYNAPTICS INC.,Equity,0.04,52.16,"7,130.00","371,900.80","371,900.80",Information Technology,"2,839,268.00",US87157D1090,NASDAQ,United States,USD,USD,1,GOOG/NASDAQ_SYNA
ZEN,ZENDESK INC,Equity,0.04,24.75,"14,922.00","369,319.50","369,319.50",Information Technology,BMH0MR7,US98936J1016,NYSE,United States,USD,USD,1,GOOG/NYSE_ZEN
VIAV,VIAVI SOLUTIONS INC,Equity,0.04,7.56,"48,032.00","363,121.92","363,121.92",Information Technology,BYXB201,US9255501051,NASDAQ,United States,USD,USD,1,GOOG/NASDAQ_VIAV
MSTR,MICROSTRATEGY INC.,Equity,0.04,190,"1,907.00","362,330.00","362,330.00",Information Technology,"2,974,329.00",US5949724083,NASDAQ,United States,USD,USD,1,GOOG/NASDAQ_MSTR
CSOD,CORNERSTONE ONDEMAND INC.,Equity,0.04,34.54,"10,374.00","358,317.96","358,317.96",Information Technology,B404719,US21925Y1038,NASDAQ,United States,USD,USD,1,GOOG/NASDAQ_CSOD
PAY,VERIFONE SYSTEMS INC.,Equity,0.04,15.6,"22,821.00","356,007.60","356,007.60",Information Technology,B07RH68,US92342Y1091,NYSE,United States,USD,USD,1,GOOG/NYSE_PAY
SFLY,SHUTTERFLY INC.,Equity,0.03,48.11,"7,087.00","340,955.57","340,955.57",Consumer Discretionary,B188HK1,US82568P3047,NASDAQ,United States,USD,USD,1,GOOG/NASDAQ_SFLY
DBD,DIEBOLD INC.,Equity,0.03,22.15,"15,384.00","340,755.60","340,755.60",Information Technology,"2,269,229.00",US2536511031,NYSE,United States,USD,USD,1,GOOG/NYSE_DBD
SMTC,SEMTECH CORP.,Equity,0.03,25.35,"13,301.00","337,180.35","337,180.35",Information Technology,"2,795,542.00",US8168501018,NASDAQ,United States,USD,USD,1,GOOG/NASDAQ_SMTC
HUBS,HUBSPOT INC,Equity,0.03,54.6,"6,166.00","336,663.60","336,663.60",Information Technology,BR4T3B3,US4435731009,NYSE,United States,USD,USD,1,GOOG/NYSE_HUBS
TVPT,TRAVELPORT WORLDWIDE LTD,Equity,0.03,13.25,"25,393.00","336,457.25","336,457.25",Information Technology,BQV0M37,BMG9019D1048,NYSE,United States,USD,USD,1,GOOG/NYSE_TVPT
NTGR,NETGEAR INC.,Equity,0.03,50.1,"6,680.00","334,668.00","334,668.00",Information Technology,"2,688,363.00",US64111Q1040,NASDAQ,United States,USD,USD,1,GOOG/NASDAQ_NTGR
STMP,STAMPS.COM INC.,Equity,0.03,100.55,"3,284.00","330,206.20","330,206.20",Information Technology,B013D75,US8528572006,NASDAQ,United States,USD,USD,1,GOOG/NASDAQ_STMP
PLT,PLANTRONICS INC.,Equity,0.03,47.9,"6,863.00","328,737.70","328,737.70",Information Technology,"2,692,030.00",US7274931085,NYSE,United States,USD,USD,1,GOOG/NYSE_PLT
GRPN,GROUPON INC,Equity,0.03,3.96,"82,326.00","326,010.96","326,010.96",Consumer Discretionary,B77D163,US3994731079,NASDAQ,United States,USD,USD,1,GOOG/NASDAQ_GRPN
GDDY,GODADDY INC CLASS A,Equity,0.03,33.7,"9,602.00","323,587.40","323,587.40",Information Technology,BWFRFC6,US3802371076,NYSE,United States,USD,USD,1,GOOG/NYSE_GDDY
ZG,ZILLOW GROUP INC CLASS A,Equity,0.03,34.91,"9,210.00","321,521.10","321,521.10",Information Technology,BVYJBR3,US98954M1018,NASDAQ,United States,USD,USD,1,GOOG/NASDAQ_ZG
LTRPA,LIBERTY TRIPADVISOR HOLDINGS INC S,Equity,0.03,21.7,"14,713.00","319,272.10","319,272.10",Consumer Discretionary,BQ5BPM6,US5314651028,NASDAQ,United States,USD,USD,1,GOOG/NASDAQ_LTRPA
PLXS,PLEXUS CORP.,Equity,0.03,46.62,"6,843.00","319,020.66","319,020.66",Information Technology,"2,692,160.00",US7291321005,NASDAQ,United States,USD,USD,1,GOOG/NASDAQ_PLXS
CLS,CELESTICA INC.,Equity,0.03,12.1,"26,077.00","315,531.70","315,531.70",Information Technology,"2,262,659.00",CA15101Q1081,NYSE,Canada,USD,USD,1,GOOG/NYSE_CLS
EXLS,EXLSERVICE HOLDINGS INC.,Equity,0.03,44.03,"6,937.00","305,436.11","305,436.11",Information Technology,B07LST0,US3020811044,NASDAQ,United States,USD,USD,1,GOOG/NASDAQ_EXLS
RP,REALPAGE INC.,Equity,0.03,27.8,"10,863.00","301,991.40","301,991.40",Information Technology,B4W2S29,US75606N1090,NASDAQ,United States,USD,USD,1,GOOG/NASDAQ_RP
DDD,3D SYSTEMS CORP,Equity,0.03,13.56,"21,828.00","295,987.68","295,987.68",Information Technology,"2,889,768.00",US88554D2053,NYSE,United States,USD,USD,1,GOOG/NYSE_DDD
EGOV,NIC INC.,Equity,0.03,23.05,"12,810.00","295,270.50","295,270.50",Information Technology,"2,438,126.00",US62914B1008,NASDAQ,United States,USD,USD,1,GOOG/NASDAQ_EGOV
AMKR,AMKOR TECHNOLOGY INC.,Equity,0.03,11.24,"25,641.00","288,204.84","288,204.84",Information Technology,"2,242,929.00",US0316521006,NASDAQ,United States,USD,USD,1,GOOG/NASDAQ_AMKR
ENV,ENVESTNET INC.,Equity,0.03,32.75,"8,747.00","286,464.25","286,464.25",Information Technology,B474ZK7,US29404K1060,NYSE,United States,USD,USD,1,GOOG/NYSE_ENV
UBNT,UBIQUITI NETWORKS INC.,Equity,0.03,52.72,"5,318.00","280,364.96","280,364.96",Information Technology,B76VD62,US90347A1007,NASDAQ,United States,USD,USD,1,GOOG/NASDAQ_UBNT
RMBS,RAMBUS INC.,Equity,0.03,12.31,"22,650.00","278,821.50","278,821.50",Information Technology,"2,721,967.00",US7509171069,NASDAQ,United States,USD,USD,1,GOOG/NASDAQ_RMBS
CCMP,CABOT MICROELECTRONICS CORP.,Equity,0.03,55.77,"4,941.00","275,559.57","275,559.57",Information Technology,"2,572,381.00",US12709P1030,NASDAQ,United States,USD,USD,1,GOOG/NASDAQ_CCMP
KN,KNOWLES CORP,Equity,0.03,14.8,"18,462.00","273,237.60","273,237.60",Information Technology,BJTD9L6,US49926D1090,NYSE,United States,USD,USD,1,GOOG/NYSE_KN
PRGS,PROGRESS SOFTWARE CORP.,Equity,0.03,27.05,"9,773.00","264,359.65","264,359.65",Information Technology,"2,705,198.00",US7433121008,NASDAQ,United States,USD,USD,1,GOOG/NASDAQ_PRGS
EBIX,EBIX INC.,Equity,0.03,55.95,"4,594.00","257,034.30","257,034.30",Information Technology,"2,008,400.00",US2787152063,NASDAQ,United States,USD,USD,1,GOOG/NASDAQ_EBIX
BHE,BENCHMARK ELECTRONICS INC.,Equity,0.03,25.75,"9,858.00","253,843.50","253,843.50",Information Technology,"2,090,816.00",US08160H1014,NYSE,United States,USD,USD,1,GOOG/NYSE_BHE
SCOR,COMSCORE INC,Equity,0.03,27.62,"9,165.00","253,137.30","253,137.30",Information Technology,B1YWRF2,US20564W1053,NASDAQ,United States,USD,USD,1,GOOG/NASDAQ_SCOR
MEI,METHODE ELECTRONICS INC.,Equity,0.03,32.95,"7,657.00","252,298.15","252,298.15",Information Technology,"2,583,297.00",US5915202007,NYSE,United States,USD,USD,1,GOOG/NYSE_MEI
OSIS,OSI SYSTEMS INC.,Equity,0.03,67.64,"3,690.00","249,591.60","249,591.60",Information Technology,"2,111,579.00",US6710441055,NASDAQ,United States,USD,USD,1,GOOG/NASDAQ_OSIS
PEGA,PEGASYSTEMS INC.,Equity,0.03,32.6,"7,564.00","246,586.40","246,586.40",Information Technology,"2,675,860.00",US7055731035,NASDAQ,United States,USD,USD,1,GOOG/NASDAQ_PEGA
FIT,FITBIT INC CLASS A,Equity,0.02,8.7,"27,329.00","237,762.30","237,762.30",Information Technology,BYY5DC1,US33812L1026,NYSE,United States,USD,USD,1,GOOG/NYSE_FIT
INFN,INFINERA CORP,Equity,0.02,7.9,"29,688.00","234,535.20","234,535.20",Information Technology,B1YB5Y4,US45667G1031,NASDAQ,United States,USD,USD,1,GOOG/NASDAQ_INFN
NSR,NEUSTAR INC. CL A,Equity,0.02,22.2,"10,366.00","230,125.20","230,125.20",Information Technology,B0C8R66,US64126X2018,NYSE,United States,USD,USD,1,GOOG/NYSE_NSR
IMPV,IMPERVA INC,Equity,0.02,38.95,"5,799.00","225,871.05","225,871.05",Information Technology,B523R55,US45321L1008,NYSE,United States,USD,USD,1,GOOG/NYSE_IMPV
VECO,VEECO INSTRUMENTS INC.,Equity,0.02,25.6,"8,509.00","217,830.40","217,830.40",Information Technology,"2,938,422.00",US9224171002,NASDAQ,United States,USD,USD,1,GOOG/NASDAQ_VECO
NEWR,NEW RELIC INC,Equity,0.02,34.01,"6,211.00","211,236.11","211,236.11",Information Technology,BT6T3N7,US64829B1008,NYSE,United States,USD,USD,1,GOOG/NYSE_NEWR
MTSI,MACOM TECHNOLOGY SOLUTIONS INC,Equity,0.02,38.1,"5,143.00","195,948.30","195,948.30",Information Technology,B5B15Y5,US55405Y1001,NASDAQ,United States,USD,USD,1,GOOG/NASDAQ_MTSI
MANT,MANTECH INTERNATIONAL CORP CLASS A,Equity,0.02,37.43,"5,197.00","194,523.71","194,523.71",Information Technology,"2,825,308.00",US5645631046,NASDAQ,United States,USD,USD,1,GOOG/NASDAQ_MANT
W,WAYFAIR INC CLASS A,Equity,0.02,32.26,"6,003.00","193,656.78","193,656.78",Consumer Discretionary,BQXZP64,US94419L1017,NYSE,United States,USD,USD,1,GOOG/NYSE_W
SSTK,SHUTTERSTOCK INC,Equity,0.02,48.99,"3,897.00","190,914.03","190,914.03",Information Technology,B7ZR219,US8256901005,NYSE,United States,USD,USD,1,GOOG/NYSE_SSTK
EVTC,EVERTEC INC,Equity,0.02,14.6,"13,006.00","189,887.60","189,887.60",Information Technology,B7KY3Z6,PR30040P1032,NYSE,United States,USD,USD,1,GOOG/NYSE_EVTC
BKFS,BLACK KNIGHT FINANCIAL SERVICES IN,Equity,0.02,39.3,"4,788.00","188,168.40","188,168.40",Information Technology,BXP2BR5,US09214X1000,NYSE,United States,USD,USD,1,GOOG/NYSE_BKFS
ADTN,ADTRAN INC.,Equity,0.02,18.65,"10,011.00","186,705.15","186,705.15",Information Technology,"2,052,924.00",US00738A1060,NASDAQ,United States,USD,USD,1,GOOG/NASDAQ_ADTN
PCTY,PAYLOCITY HOLDING CORP,Equity,0.02,37.95,"4,894.00","185,727.30","185,727.30",Information Technology,BKM4N88,US70438V1061,NASDAQ,United States,USD,USD,1,GOOG/NASDAQ_PCTY
DIOD,DIODES INC.,Equity,0.02,21.75,"8,031.00","174,674.25","174,674.25",Information Technology,"2,270,500.00",US2545431015,NASDAQ,United States,USD,USD,1,GOOG/NASDAQ_DIOD
SMCI,SUPER MICRO COMPUTER INC.,Equity,0.02,22.75,"7,680.00","174,720.00","174,720.00",Information Technology,B1VQR35,US86800U1043,NASDAQ,United States,USD,USD,1,GOOG/NASDAQ_SMCI
CRAY,CRAY INC.,Equity,0.02,21.1,"8,261.00","174,307.10","174,307.10",Information Technology,B16NWY7,US2252233042,NASDAQ,United States,USD,USD,1,GOOG/NASDAQ_CRAY
XXIA,IXIA,Equity,0.02,12.6,"12,730.00","160,398.00","160,398.00",Information Technology,"2,654,245.00",US45071R1095,NASDAQ,United States,USD,USD,1,GOOG/NASDAQ_XXIA
CVT,CVENT INC,Equity,0.01,30.83,"4,754.00","146,565.82","146,565.82",Information Technology,BC9KQQ2,US23247G1094,NYSE,United States,USD,USD,1,GOOG/NYSE_CVT
WEB,WEB.COM GROUP INC,Equity,0.01,14.15,"10,357.00","146,551.55","146,551.55",Information Technology,B0FNCD0,US94733A1043,NASDAQ,United States,USD,USD,1,GOOG/NASDAQ_WEB
AVX,AVX CORP.,Equity,0.01,14.14,"9,302.00","131,530.28","131,530.28",Information Technology,"2,053,983.00",US0024441075,NYSE,United States,USD,USD,1,GOOG/NYSE_AVX
CUDA,BARRACUDA NETWORKS INC,Equity,0.01,22.82,"5,740.00","130,986.80","130,986.80",Information Technology,BFZCHY8,US0683231049,NYSE,United States,USD,USD,1,GOOG/NYSE_CUDA
GOGO,GOGO INC,Equity,0.01,9.67,"11,426.00","110,489.42","110,489.42",Information Technology,BB2C2R1,US38046C1099,NASDAQ,United States,USD,USD,1,GOOG/NASDAQ_GOGO
SYNT,SYNTEL INC.,Equity,0.01,18.8,"5,685.00","106,878.00","106,878.00",Information Technology,"2,095,703.00",US87162H1032,NASDAQ,United States,USD,USD,1,GOOG/NASDAQ_SYNT
VRTU,VIRTUSA CORP,Equity,0.01,18.92,"5,530.00","104,627.60","104,627.60",Information Technology,B1YWRN0,US92827P1021,NASDAQ,United States,USD,USD,1,GOOG/NASDAQ_VRTU
RATE,BANKRATE INC.,Equity,0.01,8.85,"10,353.00","91,624.05","91,624.05",Information Technology,B4WDWB9,US06647F1021,NYSE,United States,USD,USD,1,GOOG/NYSE_RATE
NMBL,NIMBLE STORAGE INC,Equity,0.01,7.53,"12,109.00","91,180.77","91,180.77",Information Technology,BH3XGB7,US65440R1014,NYSE,United States,USD,USD,1,GOOG/NYSE_NMBL
EIGI,ENDURANCE INTERNATIONAL GROUP HOLD,Equity,0.01,6.85,"13,142.00","90,022.70","90,022.70",Information Technology,BFRBX78,US29272B1052,NASDAQ,United States,USD,USD,1,GOOG/NASDAQ_EIGI
TTEC,TELETECH HOLDINGS INC.,Equity,0.01,26.9,"3,229.00","86,860.10","86,860.10",Information Technology,"2,892,885.00",US8799391060,NASDAQ,United States,USD,USD,1,GOOG/NASDAQ_TTEC
SPWR,SUNPOWER CORP.,Equity,0.01,7.34,"11,320.00","83,088.80","83,088.80",Information Technology,B59DK93,US8676524064,NASDAQ,United States,USD,USD,1,GOOG/NASDAQ_SPWR